IMMOBILIARE|1|IT|PIE|TO|TO|SR|Santa Rita|1|https://www.immobiliare.it/ricerca.php?idCategoria=1&idContratto=1&idTipologia=4&sottotipologia=&idTipologiaStanza=&idFasciaPrezzo=&idNazione=IT&idRegione=&idProvincia=&idComune=&idLocalita=&idAreaGeografica=&prezzoMinimo=&prezzoMassimo=&balcone=&balconeOterrazzo=&boxOpostoauto=&stato=&terrazzo=&bagni=&mappa=&foto=&superficie=&superficieMinima=&superficieMassima=&raggio=&locali=&localiMinimo=&localiMassimo=&criterio=superficie&ordine=asc&map=0&tipoProprieta=&arredato=&inAsta=&noAste=&aReddito=&fumatore=&animali=&franchising=&flagNc=&gayfriendly=&internet=&sessoInquilini=&vacanze=&categoriaStanza=&fkTipologiaStanza=&ascensore=&classeEnergetica=&verticaleAste=&occupazioneInquilini=&pag=1&vrt=45.05536396992898%2C7.634832859039307%3B45.05390876449309%2C7.641870975494386%3B45.050482822163225%2C7.641334533691407%3B45.0525899525814%2C7.634661197662354|1_IT_PIE_TO_TO_TOSR_1
IMMOBILIARE|1|IT|PIE|TO|TO|SR|Santa Rita|2|https://www.immobiliare.it/ricerca.php?idCategoria=1&idContratto=1&idTipologia=4&sottotipologia=&idTipologiaStanza=&idFasciaPrezzo=&idNazione=IT&idRegione=&idProvincia=&idComune=&idLocalita=&idAreaGeografica=&prezzoMinimo=&prezzoMassimo=&balcone=&balconeOterrazzo=&boxOpostoauto=&stato=&terrazzo=&bagni=&mappa=&foto=&superficie=&superficieMinima=&superficieMassima=&raggio=&locali=&localiMinimo=&localiMassimo=&criterio=superficie&ordine=asc&map=0&tipoProprieta=&arredato=&inAsta=&noAste=&aReddito=&fumatore=&animali=&franchising=&flagNc=&gayfriendly=&internet=&sessoInquilini=&vacanze=&categoriaStanza=&fkTipologiaStanza=&ascensore=&classeEnergetica=&verticaleAste=&occupazioneInquilini=&pag=1&vrt=45.05261269097547%2C7.634661197662354%3B45.05049040190817%2C7.641398906707765%3B45.04666250287784%2C7.64075517654419%3B45.04884557371358%2C7.634382247924806|1_IT_PIE_TO_TO_TOSR_2
IMMOBILIARE|1|IT|PIE|TO|TO|SR|Santa Rita|3|https://www.immobiliare.it/ricerca.php?idCategoria=1&idContratto=1&idTipologia=4&sottotipologia=&idTipologiaStanza=&idFasciaPrezzo=&idNazione=IT&idRegione=&idProvincia=&idComune=&idLocalita=&idAreaGeografica=&prezzoMinimo=&prezzoMassimo=&balcone=&balconeOterrazzo=&boxOpostoauto=&stato=&terrazzo=&bagni=&mappa=&foto=&superficie=&superficieMinima=&superficieMassima=&raggio=&locali=&localiMinimo=&localiMassimo=&criterio=superficie&ordine=asc&map=0&tipoProprieta=&arredato=&inAsta=&noAste=&aReddito=&fumatore=&animali=&franchising=&flagNc=&gayfriendly=&internet=&sessoInquilini=&vacanze=&categoriaStanza=&fkTipologiaStanza=&ascensore=&classeEnergetica=&verticaleAste=&occupazioneInquilini=&pag=1&vrt=45.04886831359633,7.634414434432984;45.045426908503565,7.644488811492921;45.04350145057552,7.640959024429322;45.04585141019378,7.634221315383912|1_IT_PIE_TO_TO_TOSR_3
IMMOBILIARE|1|IT|PIE|TO|TO|SR|Santa Rita|4|https://www.immobiliare.it/ricerca.php?idCategoria=1&idContratto=1&idTipologia=4&sottotipologia=&idTipologiaStanza=&idFasciaPrezzo=&idNazione=IT&idRegione=&idProvincia=&idComune=&idLocalita=&idAreaGeografica=&prezzoMinimo=&prezzoMassimo=&balcone=&balconeOterrazzo=&boxOpostoauto=&stato=&terrazzo=&bagni=&mappa=&foto=&superficie=&superficieMinima=&superficieMassima=&raggio=&locali=&localiMinimo=&localiMassimo=&criterio=superficie&ordine=asc&map=0&tipoProprieta=&arredato=&inAsta=&noAste=&aReddito=&fumatore=&animali=&franchising=&flagNc=&gayfriendly=&internet=&sessoInquilini=&vacanze=&categoriaStanza=&fkTipologiaStanza=&ascensore=&classeEnergetica=&verticaleAste=&occupazioneInquilini=&pag=1&vrt=45.04584382983407,7.634253501892091;45.04371370895846,7.640293836593629;45.04346354721001,7.640948295593263;45.04310725434646,7.640197277069093;45.04012795270184,7.633974552154542|1_IT_PIE_TO_TO_TOSR_4
IMMOBILIARE|1|IT|PIE|TO|TO|SR|Santa Rita|5|https://www.immobiliare.it/ricerca.php?idCategoria=1&idContratto=1&idTipologia=4&sottotipologia=&idTipologiaStanza=&idFasciaPrezzo=&idNazione=IT&idRegione=&idProvincia=&idComune=&idLocalita=&idAreaGeografica=&prezzoMinimo=&prezzoMassimo=&balcone=&balconeOterrazzo=&boxOpostoauto=&stato=&terrazzo=&bagni=&mappa=&foto=&superficie=&superficieMinima=&superficieMassima=&raggio=&locali=&localiMinimo=&localiMassimo=&criterio=superficie&ordine=asc&map=0&tipoProprieta=&arredato=&inAsta=&noAste=&aReddito=&fumatore=&animali=&franchising=&flagNc=&gayfriendly=&internet=&sessoInquilini=&vacanze=&categoriaStanza=&fkTipologiaStanza=&ascensore=&classeEnergetica=&verticaleAste=&occupazioneInquilini=&pag=1&vrt=45.04038571011964%2C7.634553909301759%3B45.043099673623125%2C7.6401758193969735%3B45.03697412086214%2C7.639210224151612%3B45.040127952702%2C7.633974552155|1_IT_PIE_TO_TO_TOSR_5
IMMOBILIARE|1|IT|PIE|TO|TO|SR|Santa Rita|6|https://www.immobiliare.it/ricerca.php?idCategoria=1&idContratto=1&idTipologia=4&sottotipologia=&idTipologiaStanza=&idFasciaPrezzo=&idNazione=IT&idRegione=&idProvincia=&idComune=&idLocalita=&idAreaGeografica=&prezzoMinimo=&prezzoMassimo=&balcone=&balconeOterrazzo=&boxOpostoauto=&stato=&terrazzo=&bagni=&mappa=&foto=&superficie=&superficieMinima=&superficieMassima=&raggio=&locali=&localiMinimo=&localiMassimo=&criterio=superficie&ordine=asc&map=0&tipoProprieta=&arredato=&inAsta=&noAste=&aReddito=&fumatore=&animali=&franchising=&flagNc=&gayfriendly=&internet=&sessoInquilini=&vacanze=&categoriaStanza=&fkTipologiaStanza=&ascensore=&classeEnergetica=&verticaleAste=&occupazioneInquilini=&pag=1&vrt=45.039695827366785,7.639639377593995;45.041666898877416,7.639961242675782;45.043099673623125,7.640197277069093;45.0434900795685,7.640937566757203;45.04234159621713,7.644188404083253;45.03600367609246,7.640798091888429;45.03698928393109,7.639210224151612|1_IT_PIE_TO_TO_TOSR_6
IMMOBILIARE|1|IT|PIE|TO|TO|SR|Santa Rita|7|https://www.immobiliare.it/ricerca.php?idCategoria=1&idContratto=1&idTipologia=4&sottotipologia=&idTipologiaStanza=&idFasciaPrezzo=&idNazione=IT&idRegione=&idProvincia=&idComune=&idLocalita=&idAreaGeografica=&prezzoMinimo=&prezzoMassimo=&balcone=&balconeOterrazzo=&boxOpostoauto=&stato=&terrazzo=&bagni=&mappa=&foto=&superficie=&superficieMinima=&superficieMassima=&raggio=&locali=&localiMinimo=&localiMassimo=&criterio=superficie&ordine=asc&map=0&tipoProprieta=&arredato=&inAsta=&noAste=&aReddito=&fumatore=&animali=&franchising=&flagNc=&gayfriendly=&internet=&sessoInquilini=&vacanze=&categoriaStanza=&fkTipologiaStanza=&ascensore=&classeEnergetica=&verticaleAste=&occupazioneInquilini=&pag=1&vrt=45.04234917704092,7.644166946411134;45.041166556386315,7.647557258605958;45.03472236052294,7.643040418624879;45.03604916605869,7.6407766342163095|1_IT_PIE_TO_TO_TOSR_7
IMMOBILIARE|1|IT|PIE|TO|TO|SR|Santa Rita|8|https://www.immobiliare.it/ricerca.php?idCategoria=1&idContratto=1&idTipologia=4&sottotipologia=&idTipologiaStanza=&idFasciaPrezzo=&idNazione=IT&idRegione=&idProvincia=&idComune=&idLocalita=&idAreaGeografica=&prezzoMinimo=&prezzoMassimo=&balcone=&balconeOterrazzo=&boxOpostoauto=&stato=&terrazzo=&bagni=&mappa=&foto=&superficie=&superficieMinima=&superficieMassima=&raggio=&locali=&localiMinimo=&localiMassimo=&criterio=superficie&ordine=asc&map=0&tipoProprieta=&arredato=&inAsta=&noAste=&aReddito=&fumatore=&animali=&franchising=&flagNc=&gayfriendly=&internet=&sessoInquilini=&vacanze=&categoriaStanza=&fkTipologiaStanza=&ascensore=&classeEnergetica=&verticaleAste=&occupazioneInquilini=&pag=1&vrt=45.045419328087625,7.6444458961486825;45.04374403152028,7.649466991424561;45.041143813441835,7.647610902786256;45.043493869904445,7.640905380249024|1_IT_PIE_TO_TO_TOSR_8
IMMOBILIARE|1|IT|PIE|TO|TO|SR|Santa Rita|9|https://www.immobiliare.it/ricerca.php?idCategoria=1&idContratto=1&idTipologia=4&sottotipologia=&idTipologiaStanza=&idFasciaPrezzo=&idNazione=IT&idRegione=&idProvincia=&idComune=&idLocalita=&idAreaGeografica=&prezzoMinimo=&prezzoMassimo=&balcone=&balconeOterrazzo=&boxOpostoauto=&stato=&terrazzo=&bagni=&mappa=&foto=&superficie=&superficieMinima=&superficieMassima=&raggio=&locali=&localiMinimo=&localiMassimo=&criterio=superficie&ordine=asc&map=0&tipoProprieta=&arredato=&inAsta=&noAste=&aReddito=&fumatore=&animali=&franchising=&flagNc=&gayfriendly=&internet=&sessoInquilini=&vacanze=&categoriaStanza=&fkTipologiaStanza=&ascensore=&classeEnergetica=&verticaleAste=&occupazioneInquilini=&pag=1&vrt=45.05154397668164,7.653951644897462;45.051392384384414,7.654895782470704;45.043690967026514,7.649402618408203;45.04540416725269,7.64451026916504|1_IT_PIE_TO_TO_TOSR_9
IMMOBILIARE|1|IT|PIE|TO|TO|SR|Santa Rita|10|https://www.immobiliare.it/ricerca.php?idCategoria=1&idContratto=1&idTipologia=4&sottotipologia=&idTipologiaStanza=&idFasciaPrezzo=&idNazione=IT&idRegione=&idProvincia=&idComune=&idLocalita=&idAreaGeografica=&prezzoMinimo=&prezzoMassimo=&balcone=&balconeOterrazzo=&boxOpostoauto=&stato=&terrazzo=&bagni=&mappa=&foto=&superficie=&superficieMinima=&superficieMassima=&raggio=&locali=&localiMinimo=&localiMassimo=&criterio=superficie&ordine=asc&map=0&tipoProprieta=&arredato=&inAsta=&noAste=&aReddito=&fumatore=&animali=&franchising=&flagNc=&gayfriendly=&internet=&sessoInquilini=&vacanze=&categoriaStanza=&fkTipologiaStanza=&ascensore=&classeEnergetica=&verticaleAste=&occupazioneInquilini=&pag=1&vrt=45.050505561395035,7.641345262527467;45.04814063286455,7.648812532424928;45.045419328087625,7.644456624984742;45.046692823876654,7.6407766342163095|1_IT_PIE_TO_TO_TOSR_10
IMMOBILIARE|1|IT|PIE|TO|TO|SR|Santa Rita|11|https://www.immobiliare.it/ricerca.php?idCategoria=1&idContratto=1&idTipologia=4&sottotipologia=&idTipologiaStanza=&idFasciaPrezzo=&idNazione=IT&idRegione=&idProvincia=&idComune=&idLocalita=&idAreaGeografica=&prezzoMinimo=&prezzoMassimo=&balcone=&balconeOterrazzo=&boxOpostoauto=&stato=&terrazzo=&bagni=&mappa=&foto=&superficie=&superficieMinima=&superficieMassima=&raggio=&locali=&localiMinimo=&localiMassimo=&criterio=superficie&ordine=asc&map=0&tipoProprieta=&arredato=&inAsta=&noAste=&aReddito=&fumatore=&animali=&franchising=&flagNc=&gayfriendly=&internet=&sessoInquilini=&vacanze=&categoriaStanza=&fkTipologiaStanza=&ascensore=&classeEnergetica=&verticaleAste=&occupazioneInquilini=&pag=1&vrt=45.053878447319434,7.6418495178222665;45.05155913588928,7.653930187225343;45.04814063286455,7.648812532424928;45.050505561395035,7.641313076019288|1_IT_PIE_TO_TO_TOSR_11
IMMOBILIARE|1|IT|PIE|TO|TO|CN|Cenisia|1|https://www.immobiliare.it/ricerca.php?idCategoria=1&idContratto=1&idTipologia=4&sottotipologia=&idTipologiaStanza=&idFasciaPrezzo=&idNazione=IT&idRegione=&idProvincia=&idComune=&idLocalita=&idAreaGeografica=&prezzoMinimo=&prezzoMassimo=&balcone=&balconeOterrazzo=&boxOpostoauto=&stato=&terrazzo=&bagni=&mappa=&foto=&superficie=&superficieMinima=&superficieMassima=&raggio=&locali=&localiMinimo=&localiMassimo=&criterio=superficie&ordine=asc&map=0&tipoProprieta=&arredato=&inAsta=&noAste=&aReddito=&fumatore=&animali=&franchising=&flagNc=&gayfriendly=&internet=&sessoInquilini=&vacanze=&categoriaStanza=&fkTipologiaStanza=&ascensore=&classeEnergetica=&verticaleAste=&occupazioneInquilini=&pag=1&vrt=45.075546684716215%2C7.643325487151743%3B45.06998194533807%2C7.639241740107537%3B45.07066234665745%2C7.646630220115186%3B45.07377868718988%2C7.647834699600937|1_IT_PIE_TO_TO_TOCN_1
IMMOBILIARE|1|IT|PIE|TO|TO|CN|Cenisia|2|https://www.immobiliare.it/ricerca.php?idCategoria=1&idContratto=1&idTipologia=4&sottotipologia=&idTipologiaStanza=&idFasciaPrezzo=&idNazione=IT&idRegione=&idProvincia=&idComune=&idLocalita=&idAreaGeografica=&prezzoMinimo=&prezzoMassimo=&balcone=&balconeOterrazzo=&boxOpostoauto=&stato=&terrazzo=&bagni=&mappa=&foto=&superficie=&superficieMinima=&superficieMassima=&raggio=&locali=&localiMinimo=&localiMassimo=&criterio=superficie&ordine=asc&map=0&tipoProprieta=&arredato=&inAsta=&noAste=&aReddito=&fumatore=&animali=&franchising=&flagNc=&gayfriendly=&internet=&sessoInquilini=&vacanze=&categoriaStanza=&fkTipologiaStanza=&ascensore=&classeEnergetica=&verticaleAste=&occupazioneInquilini=&pag=1&vrt=45.066436079237896%2C7.645041514188052%3B45.06893403805954%2C7.638497427105904%3B45.06999307429203%2C7.639245218597353%3B45.07032469244749%2C7.6429757522419095%3B45.07065061107605%2C7.646653982810677|1_IT_PIE_TO_TO_TOCN_2
IMMOBILIARE|1|IT|PIE|TO|TO|CN|Cenisia|3|https://www.immobiliare.it/ricerca.php?idCategoria=1&idContratto=1&idTipologia=4&sottotipologia=&idTipologiaStanza=&idFasciaPrezzo=&idNazione=IT&idRegione=&idProvincia=&idComune=&idLocalita=&idAreaGeografica=&prezzoMinimo=&prezzoMassimo=&balcone=&balconeOterrazzo=&boxOpostoauto=&stato=&terrazzo=&bagni=&mappa=&foto=&superficie=&superficieMinima=&superficieMassima=&raggio=&locali=&localiMinimo=&localiMassimo=&criterio=superficie&ordine=asc&map=0&tipoProprieta=&arredato=&inAsta=&noAste=&aReddito=&fumatore=&animali=&franchising=&flagNc=&gayfriendly=&internet=&sessoInquilini=&vacanze=&categoriaStanza=&fkTipologiaStanza=&ascensore=&classeEnergetica=&verticaleAste=&occupazioneInquilini=&pag=1&vrt=45.07060226282314%2C7.646616054698825%3B45.068288809579684%2C7.65252500306815%3B45.064718743227694%2C7.649406515993179%3B45.06641370154213%2C7.6450130995363|1_IT_PIE_TO_TO_TOCN_3
IMMOBILIARE|1|IT|PIE|TO|TO|CN|Cenisia|4|https://www.immobiliare.it/ricerca.php?idCategoria=1&idContratto=1&idTipologia=4&sottotipologia=&idTipologiaStanza=&idFasciaPrezzo=&idNazione=IT&idRegione=&idProvincia=&idComune=&idLocalita=&idAreaGeografica=&prezzoMinimo=&prezzoMassimo=&balcone=&balconeOterrazzo=&boxOpostoauto=&stato=&terrazzo=&bagni=&mappa=&foto=&superficie=&superficieMinima=&superficieMassima=&raggio=&locali=&localiMinimo=&localiMassimo=&criterio=superficie&ordine=asc&map=0&tipoProprieta=&arredato=&inAsta=&noAste=&aReddito=&fumatore=&animali=&franchising=&flagNc=&gayfriendly=&internet=&sessoInquilini=&vacanze=&categoriaStanza=&fkTipologiaStanza=&ascensore=&classeEnergetica=&verticaleAste=&occupazioneInquilini=&pag=1&vrt=45.067348436483385%2C7.6549183297902355%3B45.06829067432683%2C7.652527266182006%3B45.064722176944784%2C7.649404504336418%3B45.06215443901032%2C7.656039954163135|1_IT_PIE_TO_TO_TOCN_4
IMMOBILIARE|1|IT|PIE|TO|TO|CN|Cenisia|5|https://www.immobiliare.it/ricerca.php?idCategoria=1&idContratto=1&idTipologia=4&sottotipologia=&idTipologiaStanza=&idFasciaPrezzo=&idNazione=IT&idRegione=&idProvincia=&idComune=&idLocalita=&idAreaGeografica=&prezzoMinimo=&prezzoMassimo=&balcone=&balconeOterrazzo=&boxOpostoauto=&stato=&terrazzo=&bagni=&mappa=&foto=&superficie=&superficieMinima=&superficieMassima=&raggio=&locali=&localiMinimo=&localiMassimo=&criterio=superficie&ordine=asc&map=0&tipoProprieta=&arredato=&inAsta=&noAste=&aReddito=&fumatore=&animali=&franchising=&flagNc=&gayfriendly=&internet=&sessoInquilini=&vacanze=&categoriaStanza=&fkTipologiaStanza=&ascensore=&classeEnergetica=&verticaleAste=&occupazioneInquilini=&pag=1&vrt=45.067348436483%2C7.65491832979%3B45.07105203170668%2C7.65558309853077%3B45.068458323726276%2C7.6628252305090445%3B45.061465470045995%2C7.657990213483573%3B45.06215443901%2C7.656039954163|1_IT_PIE_TO_TO_TOCN_5
IMMOBILIARE|1|IT|PIE|TO|TO|CN|Cenisia|6|https://www.immobiliare.it/ricerca.php?idCategoria=1&idContratto=1&idTipologia=4&sottotipologia=&idTipologiaStanza=&idFasciaPrezzo=&idNazione=IT&idRegione=&idProvincia=&idComune=&idLocalita=&idAreaGeografica=&prezzoMinimo=&prezzoMassimo=&balcone=&balconeOterrazzo=&boxOpostoauto=&stato=&terrazzo=&bagni=&mappa=&foto=&superficie=&superficieMinima=&superficieMassima=&raggio=&locali=&localiMinimo=&localiMassimo=&criterio=superficie&ordine=asc&map=0&tipoProprieta=&arredato=&inAsta=&noAste=&aReddito=&fumatore=&animali=&franchising=&flagNc=&gayfriendly=&internet=&sessoInquilini=&vacanze=&categoriaStanza=&fkTipologiaStanza=&ascensore=&classeEnergetica=&verticaleAste=&occupazioneInquilini=&pag=1&vrt=45.067348436483%2C7.65491832979%3B45.071079024830574%2C7.6555824279785165%3B45.07387283300156%2C7.647907538339497%3B45.07060711688895%2C7.646645307540894%3B45.06906267441861%2C7.650536773726346|1_IT_PIE_TO_TO_TOCN_6
IMMOBILIARE|1|IT|PIE|TO|TO|SP|San Paolo|1|https://www.immobiliare.it/ricerca.php?idCategoria=1&idContratto=1&idTipologia=4&sottotipologia=&idTipologiaStanza=&idFasciaPrezzo=&idNazione=IT&idRegione=&idProvincia=&idComune=&idLocalita=&idAreaGeografica=&prezzoMinimo=&prezzoMassimo=&balcone=&balconeOterrazzo=&boxOpostoauto=&stato=&terrazzo=&bagni=&mappa=&foto=&superficie=&superficieMinima=&superficieMassima=&raggio=&locali=&localiMinimo=&localiMassimo=&criterio=superficie&ordine=asc&map=0&tipoProprieta=&arredato=&inAsta=&noAste=&aReddito=&fumatore=&animali=&franchising=&flagNc=&gayfriendly=&internet=&sessoInquilini=&vacanze=&categoriaStanza=&fkTipologiaStanza=&ascensore=&classeEnergetica=&verticaleAste=&occupazioneInquilini=&pag=1&vrt=45.06460628887952%2C7.636617030948401%3B45.06448504277484%2C7.645092811435462%3B45.06642494959137%2C7.644985523074866%3B45.068955822792354%2C7.638483848422767|1_IT_PIE_TO_TO_TOSP_1
IMMOBILIARE|1|IT|PIE|TO|TO|SP|San Paolo|2|https://www.immobiliare.it/ricerca.php?idCategoria=1&idContratto=1&idTipologia=4&sottotipologia=&idTipologiaStanza=&idFasciaPrezzo=&idNazione=IT&idRegione=&idProvincia=&idComune=&idLocalita=&idAreaGeografica=&prezzoMinimo=&prezzoMassimo=&balcone=&balconeOterrazzo=&boxOpostoauto=&stato=&terrazzo=&bagni=&mappa=&foto=&superficie=&superficieMinima=&superficieMassima=&raggio=&locali=&localiMinimo=&localiMassimo=&criterio=superficie&ordine=asc&map=0&tipoProprieta=&arredato=&inAsta=&noAste=&aReddito=&fumatore=&animali=&franchising=&flagNc=&gayfriendly=&internet=&sessoInquilini=&vacanze=&categoriaStanza=&fkTipologiaStanza=&ascensore=&classeEnergetica=&verticaleAste=&occupazioneInquilini=&pag=1&vrt=45.06460232233621,7.636600602418185;45.0644962320013,7.645119298249485;45.06067684882127,7.645162213593723;45.06181359667538,7.635334599763156|1_IT_PIE_TO_TO_TOSP_2
IMMOBILIARE|1|IT|PIE|TO|TO|SP|San Paolo|3|https://www.immobiliare.it/ricerca.php?idCategoria=1&idContratto=1&idTipologia=4&sottotipologia=&idTipologiaStanza=&idFasciaPrezzo=&idNazione=IT&idRegione=&idProvincia=&idComune=&idLocalita=&idAreaGeografica=&prezzoMinimo=&prezzoMassimo=&balcone=&balconeOterrazzo=&boxOpostoauto=&stato=&terrazzo=&bagni=&mappa=&foto=&superficie=&superficieMinima=&superficieMassima=&raggio=&locali=&localiMinimo=&localiMassimo=&criterio=superficie&ordine=asc&map=0&tipoProprieta=&arredato=&inAsta=&noAste=&aReddito=&fumatore=&animali=&franchising=&flagNc=&gayfriendly=&internet=&sessoInquilini=&vacanze=&categoriaStanza=&fkTipologiaStanza=&ascensore=&classeEnergetica=&verticaleAste=&occupazioneInquilini=&pag=1&vrt=45.06106168786494,7.6420509349554795;45.05634776398471,7.641943646594884;45.05801511267019,7.6350128185004;45.060364476025185,7.635120106860995;45.06181951717795,7.635313225910069|1_IT_PIE_TO_TO_TOSP_3
IMMOBILIARE|1|IT|PIE|TO|TO|SP|San Paolo|4|https://www.immobiliare.it/ricerca.php?idCategoria=1&idContratto=1&idTipologia=4&sottotipologia=&idTipologiaStanza=&idFasciaPrezzo=&idNazione=IT&idRegione=&idProvincia=&idComune=&idLocalita=&idAreaGeografica=&prezzoMinimo=&prezzoMassimo=&balcone=&balconeOterrazzo=&boxOpostoauto=&stato=&terrazzo=&bagni=&mappa=&foto=&superficie=&superficieMinima=&superficieMassima=&raggio=&locali=&localiMinimo=&localiMassimo=&criterio=superficie&ordine=asc&map=0&tipoProprieta=&arredato=&inAsta=&noAste=&aReddito=&fumatore=&animali=&franchising=&flagNc=&gayfriendly=&internet=&sessoInquilini=&vacanze=&categoriaStanza=&fkTipologiaStanza=&ascensore=&classeEnergetica=&verticaleAste=&occupazioneInquilini=&pag=1&vrt=45.06071497760518,7.645223485305906;45.05465999760675,7.649273872375489;45.05637565221229,7.641943814232946;45.05946186535919,7.642014389857652;45.061076962961224,7.642017155885697|1_IT_PIE_TO_TO_TOSP_4
IMMOBILIARE|1|IT|PIE|TO|TO|SP|San Paolo|5|https://www.immobiliare.it/ricerca.php?idCategoria=1&idContratto=1&idTipologia=4&sottotipologia=&idTipologiaStanza=&idFasciaPrezzo=&idNazione=IT&idRegione=&idProvincia=&idComune=&idLocalita=&idAreaGeografica=&prezzoMinimo=&prezzoMassimo=&balcone=&balconeOterrazzo=&boxOpostoauto=&stato=&terrazzo=&bagni=&mappa=&foto=&superficie=&superficieMinima=&superficieMassima=&raggio=&locali=&localiMinimo=&localiMassimo=&criterio=superficie&ordine=asc&map=0&tipoProprieta=&arredato=&inAsta=&noAste=&aReddito=&fumatore=&animali=&franchising=&flagNc=&gayfriendly=&internet=&sessoInquilini=&vacanze=&categoriaStanza=&fkTipologiaStanza=&ascensore=&classeEnergetica=&verticaleAste=&occupazioneInquilini=&pag=1&vrt=45.05941704529128,7.656570989638569;45.056918433755065,7.654623454436662;45.056850578942715,7.653891211375594;45.05625415180921,7.652972722426058;45.05573812748392,7.652049623429776;45.05465999760675,7.649273872375489;45.056126078736405,7.648255471140148;45.057517873643384,7.647359278053046;45.06072072060305,7.645170679315926|1_IT_PIE_TO_TO_TOSP_5
IMMOBILIARE|1|IT|PIE|TO|TO|SP|San Paolo|6|https://www.immobiliare.it/ricerca.php?idCategoria=1&idContratto=1&idTipologia=4&sottotipologia=&idTipologiaStanza=&idFasciaPrezzo=&idNazione=IT&idRegione=&idProvincia=&idComune=&idLocalita=&idAreaGeografica=&prezzoMinimo=&prezzoMassimo=&balcone=&balconeOterrazzo=&boxOpostoauto=&stato=&terrazzo=&bagni=&mappa=&foto=&superficie=&superficieMinima=&superficieMassima=&raggio=&locali=&localiMinimo=&localiMassimo=&criterio=superficie&ordine=asc&map=0&tipoProprieta=&arredato=&inAsta=&noAste=&aReddito=&fumatore=&animali=&franchising=&flagNc=&gayfriendly=&internet=&sessoInquilini=&vacanze=&categoriaStanza=&fkTipologiaStanza=&ascensore=&classeEnergetica=&verticaleAste=&occupazioneInquilini=&pag=1&vrt=45.05563646155718%2C7.651913836598397%3B45.05643906679382%2C7.653359714895489%3B45.056789237175664%2C7.653886768966915%3B45.05690576279273%2C7.654296141117812%3B45.056703974378614%2C7.654898464679718%3B45.055009468338035%2C7.654683468863368%3B45.054402186077944%2C7.654754798859359%3B45.05386044648995%2C7.654951941221953%3B45.05331384623618%2C7.655211780220272%3B45.052957910795605%2C7.655918374657632%3B45.05153402844946%2C7.655078172683717%3B45.05241301914373%2C7.650739364326001%3B45.052426520108064%2C7.6506803557276735%3B45.054665859637666%2C7.649289295077325|1_IT_PIE_TO_TO_TOSP_6
IMMOBILIARE|1|IT|PIE|TO|TO|SP|San Paolo|8|https://www.immobiliare.it/ricerca.php?idCategoria=1&idContratto=1&idTipologia=4&sottotipologia=&idTipologiaStanza=&idFasciaPrezzo=&idNazione=IT&idRegione=&idProvincia=&idComune=&idLocalita=&idAreaGeografica=&prezzoMinimo=&prezzoMassimo=&balcone=&balconeOterrazzo=&boxOpostoauto=&stato=&terrazzo=&bagni=&mappa=&foto=&superficie=&superficieMinima=&superficieMassima=&raggio=&locali=&localiMinimo=&localiMassimo=&criterio=superficie&ordine=asc&map=0&tipoProprieta=&arredato=&inAsta=&noAste=&aReddito=&fumatore=&animali=&franchising=&flagNc=&gayfriendly=&internet=&sessoInquilini=&vacanze=&categoriaStanza=&fkTipologiaStanza=&ascensore=&classeEnergetica=&verticaleAste=&occupazioneInquilini=&pag=1&vrt=45.061398508711456,7.657989040017129;45.06375021957213,7.6519264094531545;45.062838071315184,7.6503710635006446;45.06197398287349,7.648756792768838;45.06141721763332,7.647548960521818;45.061296823245776,7.647183216176928;45.06123649274425,7.646802300587297;45.06105437594725,7.6458686823025355;45.06099721270427,7.645621290430427;45.060908877471675,7.6454481203109035;45.06072498344645,7.645089039579035;45.05944505043692,7.656518351286651|1_IT_PIE_TO_TO_TOSP_8
IMMOBILIARE|1|IT|PIE|TO|TO|SP|San Paolo|9|https://www.immobiliare.it/ricerca.php?idCategoria=1&idContratto=1&idTipologia=4&sottotipologia=&idTipologiaStanza=&idFasciaPrezzo=&idNazione=IT&idRegione=&idProvincia=&idComune=&idLocalita=&idAreaGeografica=&prezzoMinimo=&prezzoMassimo=&balcone=&balconeOterrazzo=&boxOpostoauto=&stato=&terrazzo=&bagni=&mappa=&foto=&superficie=&superficieMinima=&superficieMassima=&raggio=&locali=&localiMinimo=&localiMassimo=&criterio=superficie&ordine=asc&map=0&tipoProprieta=&arredato=&inAsta=&noAste=&aReddito=&fumatore=&animali=&franchising=&flagNc=&gayfriendly=&internet=&sessoInquilini=&vacanze=&categoriaStanza=&fkTipologiaStanza=&ascensore=&classeEnergetica=&verticaleAste=&occupazioneInquilini=&pag=1&vrt=45.06643169841984,7.644982170313598;45.06375021957213,7.6519264094531545;45.062838071315184,7.6503710635006446;45.06197398287349,7.648756792768838;45.06141721763332,7.647548960521818;45.061296823245776,7.647183216176928;45.06123649274425,7.646802300587297;45.06105437594725,7.6458686823025355;45.06099721270427,7.645621290430427;45.060908877471675,7.6454481203109035;45.06072498344645,7.645089039579035;45.06074736336911,7.6451338827610025|1_IT_PIE_TO_TO_TOSP_9
IMMOBILIARE|1|IT|PIE|TO|TO|CT|Cit Turin|1|https://www.immobiliare.it/ricerca.php?idCategoria=1&idContratto=1&idNazione=IT&criterio=superficie&ordine=asc&pag=1&vrt=45.073804%2C7.662681%3B45.076395%2C7.664494%3B45.076546%2C7.668314%3B45.072713%2C7.665739%3B45.073804%2C7.662681|1_IT_PIE_TO_TO_TOCT_1
IMMOBILIARE|1|IT|PIE|TO|TO|CT|Cit Turin|2|https://www.immobiliare.it/ricerca.php?idCategoria=1&idContratto=1&idNazione=IT&criterio=superficie&ordine=asc&pag=1&vrt=45.06961936520013,7.659739181399346;45.07378176520694,7.662725066766143;45.0727103092978,7.665725955739618;45.06848519967887,7.662740405648948|1_IT_PIE_TO_TO_TOCT_2
IMMOBILIARE|1|IT|PIE|TO|TO|CT|Cit Turin|3|https://www.immobiliare.it/ricerca.php?idCategoria=1&idContratto=1&idNazione=IT&criterio=superficie&ordine=asc&pag=1&vrt=45.07112265184817,7.655588211491705;45.076040333904054,7.656348198652268;45.07379052571606,7.662637978792191;45.069572836382434,7.659759633243085|1_IT_PIE_TO_TO_TOCT_3
IMMOBILIARE|1|IT|PIE|TO|TO|CT|Cit Turin|4|https://www.immobiliare.it/ricerca.php?idCategoria=1&idContratto=1&idNazione=IT&criterio=superficie&ordine=asc&pag=1&vrt=45.07604353017986,7.656348533928395;45.076040333904054,7.656348198652268;45.07636534688653,7.664486188441517;45.07378981540457,7.662695646286012|1_IT_PIE_TO_TO_TOCT_4
IMMOBILIARE|1|IT|PIE|TO|TO|CT|Cit Turin|5|https://www.immobiliare.it/ricerca.php?idCategoria=1&idContratto=1&idNazione=IT&criterio=superficie&ordine=asc&pag=1&vrt=45.07604353017986,7.656348533928395;45.076040333904054,7.656348198652268;45.07108642425924,7.655512942001224;45.075524251396445,7.643408300355078|1_IT_PIE_TO_TO_TOCT_5
IMMOBILIARE|1|IT|PIE|TO|TO|SD|San Donato|1|https://www.immobiliare.it/ricerca.php?idCategoria=1&idContratto=1&idNazione=IT&criterio=superficie&ordine=asc&pag=1&vrt=45.076568723219545,7.668533306568863;45.07627816001219,7.662357687950134;45.07794093224566,7.662193989381196;45.07840215541255,7.662568073719741;45.078993113424744,7.662982894107701;45.07692918764259,7.6688382402062425|1_IT_PIE_TO_TO_TOSD_1
IMMOBILIARE|1|IT|PIE|TO|TO|SD|San Donato|2|https://www.immobiliare.it/ricerca.php?idCategoria=1&idContratto=1&idNazione=IT&criterio=superficie&ordine=asc&pag=1&vrt=45.0814071914005,7.656087186187507;45.07874183346247,7.656264379620553;45.07606350689963,7.656276617199183;45.07627816001219,7.662357687950134;45.07794093224566,7.662193989381196;45.07840215541255,7.662568073719741;45.078993113424744,7.662982894107701;45.081415447670445,7.6561081409454355|1_IT_PIE_TO_TO_TOSD_2
IMMOBILIARE|1|IT|PIE|TO|TO|SD|San Donato|3|https://www.immobiliare.it/ricerca.php?idCategoria=1&idContratto=1&idNazione=IT&criterio=superficie&ordine=asc&pag=1&vrt=45.08149073059304,7.6558828353881845;45.07899071634164,7.662942409515382;45.080536192606914,7.664079666137696;45.08412811521148,7.655822318047286;45.08358269206596,7.655650656670333|1_IT_PIE_TO_TO_TOSD_3
IMMOBILIARE|1|IT|PIE|TO|TO|SD|San Donato|4|https://www.immobiliare.it/ricerca.php?idCategoria=1&idContratto=1&idNazione=IT&criterio=superficie&ordine=asc&pag=1&vrt=45.08581223018295,7.656135633587838;45.082620435996056,7.665827544406057;45.080536192606914,7.664079666137696;45.08412811521148,7.655822318047286;45.08581613607414,7.656137896701695|1_IT_PIE_TO_TO_TOSD_4
IMMOBILIARE|1|IT|PIE|TO|TO|SD|San Donato|5|https://www.immobiliare.it/ricerca.php?idCategoria=1&idContratto=1&idNazione=IT&criterio=superficie&ordine=asc&pag=1&vrt=45.0807641752273,7.6713371369987735;45.082620435996056,7.665827544406057;45.080536192606914,7.664079666137696;45.07965260339407,7.666039941832425;45.07742827026247,7.669125236570836;45.08075612601216,7.6713241450488585|1_IT_PIE_TO_TO_TOSD_5
IMMOBILIARE|1|IT|PIE|TO|TO|SD|San Donato|6|https://www.immobiliare.it/ricerca.php?idCategoria=1&idContratto=1&idNazione=IT&criterio=superficie&ordine=asc&pag=1&vrt=45.07692101950844,7.6688788924366245;45.07893768455151,7.6629577483981866;45.080536192606914,7.664079666137696;45.07965260339407,7.666039941832425;45.07742827026247,7.669125236570836;45.07743057862784,7.669112579897047|1_IT_PIE_TO_TO_TOSD_6
IMMOBILIARE|1|IT|PIE|TO|TO|CR|Crocetta|1|https://www.immobiliare.it/ricerca.php?idCategoria=1&idContratto=1&idNazione=IT&criterio=superficie&ordine=asc&pag=1&vrt=45.06849887444289,7.662838306277992;45.06559223276294,7.670906726270915;45.06325824033147,7.669356409460307;45.064953981971385,7.664580484852195;45.06396536295401,7.663874644786121;45.06509600685727,7.660599919036032|1_IT_PIE_TO_TO_TOCR_1
IMMOBILIARE|1|IT|PIE|TO|TO|CR|Crocetta|2|https://www.immobiliare.it/ricerca.php?idCategoria=1&idContratto=1&idNazione=IT&criterio=superficie&ordine=asc&pag=1&vrt=45.06318926817415,7.6777182798832655;45.06559223276294,7.670906726270915;45.06325824033147,7.669356409460307;45.06089194456297,7.676079198718072|1_IT_PIE_TO_TO_TOCR_2
IMMOBILIARE|1|IT|PIE|TO|TO|CR|Crocetta|3|https://www.immobiliare.it/ricerca.php?idCategoria=1&idContratto=1&idNazione=IT&criterio=superficie&ordine=asc&pag=1&vrt=45.06015979868653,7.661036700010301;45.064951673102065,7.664597835391761;45.06325824033147,7.669356409460307;45.05837149030329,7.6658578030765065|1_IT_PIE_TO_TO_TOCR_3
IMMOBILIARE|1|IT|PIE|TO|TO|CR|Crocetta|4|https://www.immobiliare.it/ricerca.php?idCategoria=1&idContratto=1&idNazione=IT&criterio=superficie&ordine=asc&pag=1&vrt=45.05717795102488,7.668866403400899;45.05514642570222,7.671427577733994;45.05633728369185,7.672842778265477;45.06084363246024,7.676106188446284;45.062209262513875,7.672277670353652;45.057226976742385,7.6687472127378005|1_IT_PIE_TO_TO_TOCR_4
IMMOBILIARE|1|IT|PIE|TO|TO|CR|Crocetta|5|https://www.immobiliare.it/ricerca.php?idCategoria=1&idContratto=1&idNazione=IT&criterio=superficie&ordine=asc&pag=1&vrt=45.06334586149287,7.6691651344299325;45.06221506456625,7.672405242919923;45.05718292465032,7.668843269348145;45.05836521419208,7.6657962799072275|1_IT_PIE_TO_TO_TOCR_5
IMMOBILIARE|1|IT|PIE|TO|TO|CR|Crocetta|6|https://www.immobiliare.it/ricerca.php?idCategoria=1&idContratto=1&idNazione=IT&criterio=superficie&ordine=asc&pag=1&vrt=45.05718292465032,7.668800354003907;45.05509112173041,7.671504020690919;45.04989159896264,7.665624618530274;45.05084664878749,7.664573192596436;45.05142270287599,7.663221359252931;45.054894063888476,7.667105197906495|1_IT_PIE_TO_TO_TOCR_6
IMMOBILIARE|1|IT|PIE|TO|TO|CR|Crocetta|7|https://www.immobiliare.it/ricerca.php?idCategoria=1&idContratto=1&idNazione=IT&criterio=superficie&ordine=asc&pag=1&vrt=45.05718292465032,7.668800354003907;45.0582865851176,7.66593810170889;45.051840883243386,7.661428637802602;45.05138433103238,7.663135528564454;45.05142270287599,7.663221359252931;45.054894063888476,7.667105197906495|1_IT_PIE_TO_TO_TOCR_7
IMMOBILIARE|1|IT|PIE|TO|TO|CR|Crocetta|8|https://www.immobiliare.it/ricerca.php?idCategoria=1&idContratto=1&idNazione=IT&criterio=superficie&ordine=asc&pag=1&vrt=45.06019141507769,7.661094535142184;45.0583425965025,7.66588387079537;45.0555263874117,7.663933318108322;45.057438532889,7.659137528389693|1_IT_PIE_TO_TO_TOCR_8
IMMOBILIARE|1|IT|PIE|TO|TO|CR|Crocetta|9|https://www.immobiliare.it/ricerca.php?idCategoria=1&idContratto=1&idNazione=IT&criterio=superficie&ordine=asc&pag=1&vrt=45.05304915980297,7.65610151924193;45.051839521290205,7.661407934501768;45.0555263874117,7.663933318108322;45.057438532889,7.659137528389693|1_IT_PIE_TO_TO_TOCR_9
IMMOBILIARE|1|IT|PIE|TO|TO|CR|Crocetta|10|https://www.immobiliare.it/ricerca.php?idCategoria=1&idContratto=1&idNazione=IT&criterio=superficie&ordine=asc&pag=1&vrt=45.05668070471815,7.654594201594592;45.054656267223145,7.654697550460698;45.053303957525685,7.655151598155499;45.05294346252932,7.655963636934758;45.0602047957923,7.661022786051036;45.0614123627871,7.657929025590421|1_IT_PIE_TO_TO_TOCR_10
IMMOBILIARE|1|IT|PIE|TO|TO|PA|Parella|1|https://www.immobiliare.it/ricerca.php?idCategoria=1&idContratto=1&idNazione=IT&criterio=superficie&ordine=asc&noAste=1&pag=1&vrt=45.097427,7.622858;45.093655,7.632386;45.088519,7.629424;45.088232,7.628909;45.087429,7.626549;45.086959,7.626056;45.083959,7.624875;45.084065,7.620198;45.085656,7.614426;45.088656,7.614576;45.090292,7.615005;45.091913,7.616035;45.09314,7.617301;45.097427,7.622858|1_IT_PIE_TO_TO_TOPA_1
IMMOBILIARE|1|IT|PIE|TO|TO|PA|Parella|2|https://www.immobiliare.it/ricerca.php?idCategoria=1&idContratto=1&idNazione=IT&criterio=superficie&ordine=asc&noAste=1&pag=1&vrt=45.08703908114848,7.626174688339233;45.08544122848159,7.6309836376458415;45.08226048094709,7.629001736640931;45.08265440730253,7.624302506446839|1_IT_PIE_TO_TO_TOPA_2
IMMOBILIARE|1|IT|PIE|TO|TO|PA|Parella|3|https://www.immobiliare.it/ricerca.php?idCategoria=1&idContratto=1&idNazione=IT&criterio=superficie&ordine=asc&noAste=1&pag=1&vrt=45.08474014172181,7.639842303469778;45.08537124743116,7.635554540902377;45.08544122848159,7.6309836376458415;45.08226048094709,7.629001736640931;45.08150623696888,7.638421570882203|1_IT_PIE_TO_TO_TOPA_3
IMMOBILIARE|1|IT|PIE|TO|TO|PA|Parella|4|https://www.immobiliare.it/ricerca.php?idCategoria=1&idContratto=1&idNazione=IT&criterio=superficie&ordine=asc&noAste=1&pag=1&vrt=45.08474014172181,7.639842303469778;45.08526658639363,7.644793493673207;45.08544016323157,7.648163270205261;45.084892089462286,7.64986027032137;45.080924449069016,7.647229861468078;45.08115314036014,7.642685947939755;45.081316106020545,7.6405513286590585;45.08150623696888,7.638421570882203|1_IT_PIE_TO_TO_TOPA_4
IMMOBILIARE|1|IT|PIE|TO|TO|PA|Parella|5|https://www.immobiliare.it/ricerca.php?idCategoria=1&idContratto=1&idNazione=IT&criterio=superficie&ordine=asc&noAste=1&pag=1&vrt=45.081531538393676,7.638376140967012;45.08129275760053,7.640844569541515;45.081110941440784,7.643333659507335;45.080982154644204,7.646423564292491;45.080913973281426,7.647228226996959;45.07945184225463,7.646230445243419;45.0755037121751,7.643285631202161;45.07517987811569,7.635626792907716|1_IT_PIE_TO_TO_TOPA_5
IMMOBILIARE|1|IT|PIE|TO|TO|PA|Parella|6|https://www.immobiliare.it/ricerca.php?idCategoria=1&idContratto=1&idNazione=IT&criterio=superficie&ordine=asc&noAste=1&pag=1&vrt=45.08227231771609,7.628811467438937;45.081514286078324,7.638371363282205;45.075193551277955,7.6355741545557985;45.074767669211795,7.6241212897002715;45.07578646616731,7.624719925224782;45.078216068515474,7.626203689724209|1_IT_PIE_TO_TO_TOPA_6
IMMOBILIARE|1|IT|PIE|TO|TO|PA|Parella|7|https://www.immobiliare.it/ricerca.php?idCategoria=1&idContratto=1&idNazione=IT&criterio=superficie&ordine=asc&noAste=1&pag=1&vrt=45.082643606323124,7.62434196425602;45.0822762386453,7.628787201829255;45.07472527320352,7.624080867972227;45.07457517776323,7.619576118886471;45.07603903171756,7.619968014769257;45.07662998457497,7.620311337523164;45.07887707673107,7.621572017669678;45.081038143792725,7.623658943921329|1_IT_PIE_TO_TO_TOPA_7
IMMOBILIARE|1|IT|PIE|TO|TO|PA|Parella|8|https://www.immobiliare.it/ricerca.php?idCategoria=1&idContratto=1&idNazione=IT&criterio=superficie&ordine=asc&noAste=1&pag=1&vrt=45.08565238431546,7.614503055810929;45.08519787751663,7.616155296564103;45.08427370254038,7.619288116693498;45.084076745284904,7.620296627283097;45.083910088615305,7.624845653772355;45.081152607695145,7.623772770166398;45.07873194914977,7.621503537520766;45.075549940210465,7.619808381423356;45.07453924832204,7.619585422798993;45.07437256383144,7.614542869850995;45.07879711455711,7.614435581490399;45.08396157705591,7.614390570670367|1_IT_PIE_TO_TO_TOPA_8
IMMOBILIARE|1|IT|PIE|TO|TO|CE|Centro|1|https://www.immobiliare.it/ricerca.php?idCategoria=1&idContratto=1&idNazione=IT&criterio=rilevanza&ordine=desc&pag=1&vrt=45.074110046611324,7.666808813810349;45.07250573535371,7.671512821689249;45.07820624329987,7.675555162131787;45.079926103799444,7.670766580849888|1_IT_PIE_TO_TO_TOCE_1
IMMOBILIARE|1|IT|PIE|TO|TO|CE|Centro|2|https://www.immobiliare.it/ricerca.php?idCategoria=1&idContratto=1&idNazione=IT&criterio=rilevanza&ordine=desc&pag=1&vrt=45.07831372869924,7.675646524876357;45.0749096105227,7.685770355165006;45.07167541570835,7.683818545192482;45.07355245248336,7.6782527938485154;45.0752190626672,7.673492208123208|1_IT_PIE_TO_TO_TOCE_2
IMMOBILIARE|1|IT|PIE|TO|TO|CE|Centro|3|https://www.immobiliare.it/ricerca.php?idCategoria=1&idContratto=1&idNazione=IT&criterio=rilevanza&ordine=desc&pag=1&vrt=45.072444554668344,7.671454656519929;45.07529337340212,7.673471677699127;45.07168686620432,7.6836426142836;45.07065639377299,7.682913053431549;45.070261592947816,7.677807290456258|1_IT_PIE_TO_TO_TOCE_3
IMMOBILIARE|1|IT|PIE|TO|TO|CE|Centro|4|https://www.immobiliare.it/ricerca.php?idCategoria=1&idContratto=1&idNazione=IT&criterio=rilevanza&ordine=desc&pag=1&vrt=45.07511240012417,7.685808241367341;45.07067128523232,7.682955460622908;45.07077736410694,7.684221463277937;45.070156042183676,7.686088280752302;45.070322738972386,7.686989502981306;45.071383525327754,7.687869267538191;45.07141489873162,7.688926979899407;45.07172934215981,7.689812527969481;45.07250490663836,7.691581444814802;45.073626147560674,7.690563630312683|1_IT_PIE_TO_TO_TOCE_4
IMMOBILIARE|1|IT|PIE|TO|TO|CE|Centro|5|https://www.immobiliare.it/ricerca.php?idCategoria=1&idContratto=1&idNazione=IT&criterio=rilevanza&ordine=desc&pag=1&vrt=45.07034730539696,7.686805352568627;45.06389692447566,7.696699351072312;45.065456898852226,7.698894571512939;45.0725050842202,7.691768445074559|1_IT_PIE_TO_TO_TOCE_5
IMMOBILIARE|1|IT|PIE|TO|TO|CE|Centro|6|https://www.immobiliare.it/ricerca.php?idCategoria=1&idContratto=1&idNazione=IT&criterio=rilevanza&ordine=desc&pag=1&vrt=45.0694258500594,7.68822055310011;45.06573916974327,7.6856761425733575;45.06242097783976,7.69499883055687;45.06381534286066,7.696801275014878|1_IT_PIE_TO_TO_TOCE_6
IMMOBILIARE|1|IT|PIE|TO|TO|CE|Centro|7|https://www.immobiliare.it/ricerca.php?idCategoria=1&idContratto=1&idNazione=IT&criterio=rilevanza&ordine=desc&pag=1&vrt=45.06576983583418,7.685704305768014;45.06142953236338,7.682679779827596;45.05821387681094,7.691419254988433;45.06239717766605,7.695024143904448|1_IT_PIE_TO_TO_TOCE_7
IMMOBILIARE|1|IT|PIE|TO|TO|CE|Centro|8|https://www.immobiliare.it/ricerca.php?idCategoria=1&idContratto=1&idNazione=IT&criterio=rilevanza&ordine=desc&pag=1&vrt=45.07079790502698,7.684262366965414;45.07067566572545,7.6829295605421075;45.0675460137954,7.68088085576892;45.06573798572398,7.685734564438463;45.069428395536605,7.688266150653363;45.07029533111759,7.686848603188992;45.07017409707951,7.68616195768118|1_IT_PIE_TO_TO_TOCE_8
IMMOBILIARE|1|IT|PIE|TO|TO|CE|Centro|9|https://www.immobiliare.it/ricerca.php?idCategoria=1&idContratto=1&idNazione=IT&criterio=rilevanza&ordine=desc&pag=1&vrt=45.065728691171785,7.685740599408747;45.061303128637974,7.6826721522957095;45.063137050571385,7.677651057019831;45.06754731617542,7.680869707837702|1_IT_PIE_TO_TO_TOCE_9
IMMOBILIARE|1|IT|PIE|TO|TO|CE|Centro|10|https://www.immobiliare.it/ricerca.php?idCategoria=1&idContratto=1&idNazione=IT&criterio=rilevanza&ordine=desc&pag=1&vrt=45.07063594529567,7.682716995477677;45.063118993452754,7.677738815546037;45.06554392463208,7.670872360467912;45.06554392463208,7.670872360467912;45.06554392463208,7.670872360467912;45.07127241598364,7.674863487482072;45.07024821088725,7.677999828010798|1_IT_PIE_TO_TO_TOCE_10
IMMOBILIARE|1|IT|PIE|TO|TO|CE|Centro|11|https://www.immobiliare.it/ricerca.php?idCategoria=1&idContratto=1&idNazione=IT&criterio=rilevanza&ordine=desc&pag=1&vrt=45.06847608316774,7.662849035114051;45.074143667824316,7.666840162128211;45.07131775951403,7.67476223409176;45.06554972634603,7.670903205871583|1_IT_PIE_TO_TO_TOCE_11
IMMOBILIARE|1|IT|PIE|TO|TO|SS|San Salvario|1|https://www.immobiliare.it/ricerca.php?idCategoria=1&idContratto=1&idNazione=IT&criterio=rilevanza&ordine=desc&pag=1&vrt=45.06236307590737,7.680063620209695;45.05968791901034,7.677855826914311;45.0590403066606,7.67741644755006;45.05829321648951,7.67725132405758;45.05796508107523,7.676474656909705;45.05715450392776,7.6764047518372545;45.055513893775576,7.68148921430111;45.060525339939424,7.685108687728645|1_IT_PIE_TO_TO_TOSS_1
IMMOBILIARE|1|IT|PIE|TO|TO|SS|San Salvario|2|https://www.immobiliare.it/ricerca.php?idCategoria=1&idContratto=1&idNazione=IT&criterio=rilevanza&ordine=desc&pag=1&vrt=45.05560650056814,7.681546211242677;45.05445447087102,7.685108184814454;45.05948685090359,7.688369750976563;45.06066909280774,7.684850692749024|1_IT_PIE_TO_TO_TOSS_2
IMMOBILIARE|1|IT|PIE|TO|TO|SS|San Salvario|3|https://www.immobiliare.it/ricerca.php?idCategoria=1&idContratto=1&idNazione=IT&criterio=rilevanza&ordine=desc&pag=1&vrt=45.05957779345641,7.687940597534181;45.05060409796179,7.681589126586915;45.04520707603307,7.684249877929688;45.05818332508448,7.691631317138673|1_IT_PIE_TO_TO_TOSS_3
IMMOBILIARE|1|IT|PIE|TO|TO|SS|San Salvario|4|https://www.immobiliare.it/ricerca.php?idCategoria=1&idContratto=1&idNazione=IT&criterio=rilevanza&ordine=desc&pag=1&vrt=45.050664735764634,7.681589126586915;45.04605607952603,7.678413391113282;45.04496450129214,7.684335708618165|1_IT_PIE_TO_TO_TOSS_4
IMMOBILIARE|1|IT|PIE|TO|TO|SS|San Salvario|5|https://www.immobiliare.it/ricerca.php?idCategoria=1&idContratto=1&idNazione=IT&criterio=rilevanza&ordine=desc&pag=1&vrt=45.041568346914616,7.6767826080322275;45.041568346914616,7.6767826080322275;45.041356080572015,7.677898406982423;45.045055466940525,7.6844215393066415;45.04634886910322,7.678511207923293|1_IT_PIE_TO_TO_TOSS_5
IMMOBILIARE|1|IT|PIE|TO|TO|SS|San Salvario|6|https://www.immobiliare.it/ricerca.php?idCategoria=1&idContratto=1&idNazione=IT&criterio=rilevanza&ordine=desc&pag=1&vrt=45.0415639049652,7.6767460629343995;45.04638517158999,7.678462676703931;45.04697643103477,7.6753727719187745;45.04239780089459,7.672175578773023;45.04153358124782,7.676767520606519;45.0415639049652,7.6767460629343995;45.0415639049652,7.6767460629343995;45.041594228666476,7.676917724311353;45.04157906681784,7.676767520606519|1_IT_PIE_TO_TO_TOSS_6
IMMOBILIARE|1|IT|PIE|TO|TO|SS|San Salvario|7|https://www.immobiliare.it/ricerca.php?idCategoria=1&idContratto=1&idNazione=IT&criterio=rilevanza&ordine=desc&pag=1&vrt=45.04244849758471,7.672094022855164;45.042630436738314,7.6708923932164925;45.04749709434756,7.673059618100524;45.04704228407226,7.67539850436151|1_IT_PIE_TO_TO_TOSS_7
IMMOBILIARE|1|IT|PIE|TO|TO|SS|San Salvario|8|https://www.immobiliare.it/ricerca.php?idCategoria=1&idContratto=1&idNazione=IT&criterio=rilevanza&ordine=desc&pag=1&vrt=45.04702516939626,7.675320636481048;45.04635810758491,7.6786680333316335;45.04901114827805,7.680470477789641;45.05008748969849,7.677423488348723|1_IT_PIE_TO_TO_TOSS_8
IMMOBILIARE|1|IT|PIE|TO|TO|SS|San Salvario|9|https://www.immobiliare.it/ricerca.php?idCategoria=1&idContratto=1&idNazione=IT&criterio=rilevanza&ordine=desc&pag=1&vrt=45.04746600391654,7.673070430755616;45.05067989520532,7.674314975738526;45.049997716397385,7.677490711212159;45.04699603298103,7.675366401672364|1_IT_PIE_TO_TO_TOSS_9
IMMOBILIARE|1|IT|PIE|TO|TO|SS|San Salvario|10|https://www.immobiliare.it/ricerca.php?idCategoria=1&idContratto=1&idNazione=IT&criterio=rilevanza&ordine=desc&pag=1&vrt=45.0499887745899,7.677506385371091;45.05318736535516,7.679716525599362;45.05217171847611,7.682591853663327;45.04897307090813,7.68046754412353|1_IT_PIE_TO_TO_TOSS_10
IMMOBILIARE|1|IT|PIE|TO|TO|SS|San Salvario|11|https://www.immobiliare.it/ricerca.php?idCategoria=1&idContratto=1&idNazione=IT&criterio=rilevanza&ordine=desc&pag=1&vrt=45.05000819785208,7.677501607686282;45.0506752170971,7.67432587221265;45.053949562383096,7.67554895952344;45.05319162876018,7.679733205586674|1_IT_PIE_TO_TO_TOSS_11
IMMOBILIARE|1|IT|PIE|TO|TO|SS|San Salvario|12|https://www.immobiliare.it/ricerca.php?idCategoria=1&idContratto=1&idNazione=IT&criterio=rilevanza&ordine=desc&pag=1&vrt=45.05316427190566,7.679716609418393;45.055741206472504,7.681476138532163;45.05475592167311,7.684501670300961;45.052118306509726,7.682613395154477|1_IT_PIE_TO_TO_TOSS_12
IMMOBILIARE|1|IT|PIE|TO|TO|SS|San Salvario|13|https://www.immobiliare.it/ricerca.php?idCategoria=1&idContratto=1&idNazione=IT&criterio=rilevanza&ordine=desc&pag=1&vrt=45.05313567154374,7.679700851440431;45.05390876449309,7.675538063049317;45.057194233725575,7.676799204200508;45.05575423296072,7.68147697672248|1_IT_PIE_TO_TO_TOSS_13
IMMOBILIARE|1|IT|PIE|TO|TO|VA|Vanchiglia|1|https://www.immobiliare.it/ricerca.php?idCategoria=1&idContratto=1&idNazione=IT&criterio=superficie&ordine=asc&pag=1&vrt=45.07560013398883%2C7.69155344925821%3B45.07472126296863%2C7.689665174111726%3B45.06927750182052%2C7.69494652748108%3B45.071838556387014%2C7.698336839675904%3B45.072768200749714%2C7.6955327577888974%3B45.07331372713458%2C7.695897538214923%3B45.073510721493825%2C7.694717366248371%3B45.07410170049727%2C7.69321532920003|1_IT_PIE_TO_TO_TOVA_1
IMMOBILIARE|1|IT|PIE|TO|TO|VA|Vanchiglia|2|https://www.immobiliare.it/ricerca.php?idCategoria=1&idContratto=1&idNazione=IT&criterio=superficie&ordine=asc&pag=1&vrt=45.075900763019334,7.692303629592062;45.07443092713523,7.693719835951925;45.07383995153638,7.695178957656028;45.07391571798033,7.696917029097677;45.07509766149962,7.699620695784689;45.07806756552828,7.697024317458273|1_IT_PIE_TO_TO_TOVA_2
IMMOBILIARE|1|IT|PIE|TO|TO|VA|Vanchiglia|3|https://www.immobiliare.it/ricerca.php?idCategoria=1&idContratto=1&idNazione=IT&criterio=superficie&ordine=asc&pag=1&vrt=45.07510630342449,7.699633268639447;45.07806105482649,7.697015432640912;45.07962170800521,7.700684694573283;45.07565624679267,7.70433895289898;45.07542895408229,7.701635286211968|1_IT_PIE_TO_TO_TOVA_3
IMMOBILIARE|1|IT|PIE|TO|TO|VA|Vanchiglia|4|https://www.immobiliare.it/ricerca.php?idCategoria=1&idContratto=1&idNazione=IT&criterio=superficie&ordine=asc&pag=1&vrt=45.072781519326995,7.695575589314104;45.07329673870703,7.69591891206801;45.07352403989806,7.69767844118178;45.07458476683599,7.700103158131243;45.07517573473256,7.704738015308977;45.071973993577764,7.707423996180297;45.0692462456381,7.708239387720824;45.06885222684213,7.707810234278442;45.069034082008535,7.7069090120494375|1_IT_PIE_TO_TO_TOVA_4
IMMOBILIARE|1|IT|PIE|TO|TO|VA|Vanchiglia|5|https://www.immobiliare.it/ricerca.php?idCategoria=1&idContratto=1&idNazione=IT&criterio=superficie&ordine=asc&pag=1&vrt=45.06927750182052,7.694989442825318;45.07185371021452,7.698315382003785;45.07062623716855,7.7020490169525155;45.06691334959484,7.697285413742066|1_IT_PIE_TO_TO_TOVA_5
IMMOBILIARE|1|IT|PIE|TO|TO|VA|Vanchiglia|6|https://www.immobiliare.it/ricerca.php?idCategoria=1&idContratto=1&idNazione=IT&criterio=superficie&ordine=asc&pag=1&vrt=45.06695248061456,7.697334531694652;45.07062694751935,7.702060332521798;45.06962747518102,7.7050824277102965;45.06918367402454,7.7065446507185715;45.068832632387,7.707911655306817;45.06723042256316,7.702733147889377;45.065421378087656,7.698798431083562|1_IT_PIE_TO_TO_TOVA_6
IMMOBILIARE|1|IT|PIE|TO|TO|PS|Pozzo Strada|1|https://www.immobiliare.it/ricerca.php?idCategoria=1&idContratto=1&idNazione=IT&criterio=superficie&ordine=asc&noAste=1&pag=1&vrt=45.07459761145559,7.619601096957923;45.07056674525592,7.618378009647132;45.070206832662976,7.618460319936276;45.067585085182955,7.620691917836667;45.06441613129994,7.6232840213924655;45.06429488479195,7.626373926177622;45.070299593247064,7.623242950066924;45.07293636975755,7.623178577050567;45.07475973753517,7.624134449288251|1_IT_PIE_TO_TO_TOPS_1
IMMOBILIARE|1|IT|PIE|TO|TO|PS|Pozzo Strada|2|https://www.immobiliare.it/ricerca.php?idCategoria=1&idContratto=1&idNazione=IT&criterio=superficie&ordine=asc&noAste=1&pag=1&vrt=45.07077055659578,7.633690321817995;45.07521326193468,7.635632744058967;45.074646207893544,7.623907970264555|1_IT_PIE_TO_TO_TOPS_2
IMMOBILIARE|1|IT|PIE|TO|TO|PS|Pozzo Strada|3|https://www.immobiliare.it/ricerca.php?idCategoria=1&idContratto=1&idNazione=IT&criterio=superficie&ordine=asc&noAste=1&pag=1&vrt=45.06895085019101,7.6385380793362865;45.07077055659578,7.633690321817995;45.07521326193468,7.635632744058967;45.075534668981405,7.643349878489971|1_IT_PIE_TO_TO_TOPS_3
IMMOBILIARE|1|IT|PIE|TO|TO|PS|Pozzo Strada|4|https://www.immobiliare.it/ricerca.php?idCategoria=1&idContratto=1&idNazione=IT&criterio=superficie&ordine=asc&noAste=1&pag=1&vrt=45.07077055659578,7.633690321817995;45.064404823653085,7.630900321528317;45.06423115330903,7.628411985933782;45.06429488479195,7.626373926177622;45.070299593247064,7.623242950066924;45.07293636975755,7.623178577050567;45.074646207893544,7.623907970264555|1_IT_PIE_TO_TO_TOPS_4
IMMOBILIARE|1|IT|PIE|TO|TO|PS|Pozzo Strada|5|https://www.immobiliare.it/ricerca.php?idCategoria=1&idContratto=1&idNazione=IT&criterio=superficie&ordine=asc&noAste=1&pag=1&vrt=45.06895085019101,7.6385380793362865;45.07077055659578,7.633690321817995;45.064412105541095,7.631021775305272;45.064611972284354,7.6365937292575845|1_IT_PIE_TO_TO_TOPS_5
IMMOBILIARE|1|IT|PIE|TO|TO|PS|Pozzo Strada|6|https://www.immobiliare.it/ricerca.php?idCategoria=1&idContratto=1&idNazione=IT&criterio=superficie&ordine=asc&noAste=1&pag=1&vrt=45.06180145964317,7.635298976674677;45.055618579703946,7.63484325259924;45.05667792183193,7.629194352775814;45.059218166917525,7.627618974074723;45.06438984545774,7.623339761048556;45.06427993616904,7.626681709662082;45.064228045176364,7.628352642059327;45.06435648491762,7.630017413757742;45.064611972284354,7.6365937292575845|1_IT_PIE_TO_TO_TOPS_6
IMMOBILIARE|1|IT|PIE|TO|TO|PS|Pozzo Strada|7|https://www.immobiliare.it/ricerca.php?idCategoria=1&idContratto=1&idNazione=IT&criterio=superficie&ordine=asc&noAste=1&pag=1&vrt=45.05663724430917,7.629125118255616;45.0555761842945,7.634918689727784;45.048831124408395,7.634413428604604;45.05049869225305,7.6296498253941545;45.05401558503166,7.629864402115346|1_IT_PIE_TO_TO_TOPS_7
IMMOBILIARE|1|IT|PIE|TO|TO|PD|Parco Dora|1|https://www.immobiliare.it/ricerca.php?idCategoria=1&idContratto=1&idNazione=IT&criterio=superficie&ordine=asc&noAste=1&pag=1&vrt=45.09658153267221,7.671723375096918;45.09869157905709,7.66937853768468;45.10089768993007,7.667230674996973;45.10526191384013,7.663377933204175;45.09684069236469,7.6579705998301515;45.09532595239525,7.662948779761792;45.09514039398647,7.671390529721977|1_IT_PIE_TO_TO_TOPD_1
IMMOBILIARE|1|IT|PIE|TO|TO|PD|Parco Dora|2|https://www.immobiliare.it/ricerca.php?idCategoria=1&idContratto=1&idNazione=IT&criterio=superficie&ordine=asc&noAste=1&pag=1&vrt=45.08617287301109,7.654928471893073;45.08734186919149,7.651479737833143;45.09684069236469,7.6579705998301515;45.09532595239525,7.662948779761792;45.09169390380476,7.662857584655286|1_IT_PIE_TO_TO_TOPD_2
IMMOBILIARE|1|IT|PIE|TO|TO|PD|Parco Dora|3|https://www.immobiliare.it/ricerca.php?idCategoria=1&idContratto=1&idNazione=IT&criterio=superficie&ordine=asc&noAste=1&pag=1&vrt=45.095359400717236,7.6629747197876;45.09513045334041,7.671276032924653;45.0906912568216,7.670303119230085;45.08667791117559,7.669522706419231;45.08458055917094,7.668150337412954;45.085618533152456,7.6671854546293625;45.09036631793343,7.663166541606189;45.091065530812855,7.66291026491672;45.09176884772547,7.662851591594517|1_IT_PIE_TO_TO_TOPD_3
IMMOBILIARE|1|IT|PIE|TO|TO|PD|Parco Dora|4|https://www.immobiliare.it/ricerca.php?idCategoria=1&idContratto=1&idNazione=IT&criterio=superficie&ordine=asc&noAste=1&pag=1&vrt=45.0901210943274,7.6778808049857625;45.09646828306745,7.671571411192418;45.0906912568216,7.670303119230085;45.08667791117559,7.669522706419231;45.08459707079246,7.6681119482964295;45.0807737632615,7.671380052343012|1_IT_PIE_TO_TO_TOPD_4
IMMOBILIARE|1|IT|PIE|TO|TO|PD|Parco Dora|5|https://www.immobiliare.it/ricerca.php?idCategoria=1&idContratto=1&idNazione=IT&criterio=superficie&ordine=asc&noAste=1&pag=1&vrt=45.08617287301109,7.654928471893073;45.08078272984756,7.671394720673562;45.085618533152456,7.6671854546293625;45.09036631793343,7.663166541606189;45.091065530812855,7.66291026491672;45.09176884772547,7.662851591594517|1_IT_PIE_TO_TO_TOPD_5
